{
  "is_trained": true,
  "accuracy": 0.49333333333333335,
  "last_trained": "2025-08-21T21:39:20.857149",
  "feature_dim": 8,
  "training_samples": 746
}