{
  "is_trained": true,
  "accuracy": 0.4782608695652174,
  "last_trained": "2025-08-20T20:16:50.302165",
  "feature_dim": 8,
  "training_samples": 115
}