{
  "is_trained": true,
  "accuracy": 0.4866666666666667,
  "last_trained": "2025-08-22T14:11:05.759930",
  "feature_dim": 8,
  "training_samples": 747
}